{
    "ActionSound": "",
    "AutoUnlock": true,
    "Cards": [
        "{\n    \"UnitsInDeck\": 4,\n    \"Card\": \"intercept\"\n}",
        "{\n    \"UnitsInDeck\": 3,\n    \"Card\": \"leapslam\"\n}",
        "{\n    \"UnitsInDeck\": 3,\n    \"Card\": \"maim\"\n}",
        "{\n    \"UnitsInDeck\": 2,\n    \"Card\": \"minitaurjeer\"\n}",
        "{\n    \"UnitsInDeck\": 1,\n    \"Card\": \"provoke\"\n}",
        "{\n    \"UnitsInDeck\": 1,\n    \"Card\": \"bludgeon\"\n}",
        "{\n    \"UnitsInDeck\": 1,\n    \"Card\": \"minitaurabuse\"\n}"
    ],
    "ChallengePack0": "Brawler",
    "ChallengePack1": "Gladiator",
    "ChallengePack2": "Destroyer",
    "ChallengePack3": "Defender",
    "ChallengePack4": "Warlord",
    "ChallengePack5": "Marauder",
    "ChallengePack6": "Commander",
    "CharacterDescription": "Damali was the runt of their litter. Smaller than all the other minotaurs, they grew up quick and nimble. Endlessly bullied by their peers, they grew up mean spirited, always ready to angrily stomp on anyone slow enough to be within their reach.",
    "CharacterDescriptionStrength": "A Minotaur that excels in furiously stomping slow enemies.",
    "CharacterName": "Damali",
    "Energy": 1,
    "EnergyTurn": 3,
    "Female": false,
    "FluffOffsetX": 0,
    "FluffOffsetY": 3.40000009536743,
    "HeroClass": "warrior",
    "HeroClassSecondary": "none",
    "HitSound": "",
    "HP": 104,
    "ID": "minitaur",
    "Item": "minitaurstompingboots",
    "MaxHP": [
        0,
        10,
        10,
        10,
        10
    ],
    "OrderInList": 5,
    "ResistSlashing": 20,
    "ResistBlunt": 20,
    "ResistPiercing": 15,
    "ResistFire": 5,
    "ResistCold": 15,
    "ResistLightning": 0,
    "ResistHoly": 0,
    "ResistShadow": 10,
    "ResistMind": -5,
    "Speed": 17,
    "SpriteBorderLocked": "damaliSilueta",
    "StickerBase": "",
    "StickerAngry": "",
    "StickerIndifferent": "",
    "StickerLove": "",
    "StickerSurprise": "",
    "StickerOffsetX": 0.100000001490116,
    "SubclassName": "Minitaur",
    "Trait0": "minitaurtrait0",
    "Trait1A": "minitaurtrait1a",
    "Trait1B": "minitaurtrait1b",
    "Trait2A": "minitaurtrait2a",
    "Trait2B": "minitaurtrait2b",
    "Trait3A": "minitaurtrait3a",
    "Trait3B": "minitaurtrait3b",
    "Trait4A": "minitaurtrait4a",
    "Trait4B": "minitaurtrait4b",
    "CardsSingularity": [
        "minitaurabuse",
        "intercept",
        "leapslam",
        "maim",
        "minitaurjeer",
        "provoke",
        "bludgeon",
        "punch",
        "pommel",
        "repairarmor",
        "barricade",
        "groundslam",
        "piercinghowl",
        "heavystrike",
        "intimidate"
    ]
}